[{"id":"1","question":"Kde se pou\u017e\u00edv\u00e1 metoda nejmen\u0161\u00edch \u010dtverc\u016f?","answers":[{"id":"1","answer":"P\u0159i posouzen\u00ed vhodnosti modelu u regresn\u00edch funkc\u00ed","correct":"0"},{"id":"2","answer":"P\u0159i ur\u010dov\u00e1n\u00ed parametr\u016f regresn\u00edch funkc\u00ed","correct":"1"},{"id":"3","answer":"P\u0159i posouzen\u00ed rozd\u00edlnosti rozptyl\u016f v ANOVA testu","correct":"0"},{"id":"6","answer":"Ahoj","correct":"0"},{"id":"7","answer":"Ahoj","correct":"0"}]},{"id":"2","question":"aaaaaagge","answers":[{"id":"4","answer":"Dobra","correct":"1"},{"id":"5","answer":"aag","correct":"0"}]},{"id":"3","question":"sgseagaseg","answers":[{"id":"11","answer":"hghg","correct":"0"},{"id":"12","answer":"vhvh","correct":"1"}]}]